Crash Year,Crash Month,Crash Day,Time of Day,City or Township,Crash: Intersection,Crash: Hit-and-Run,Lighting Conditions,Highway Class,Highway Number,Speed Limit at Crash Site,Weather Conditions (2016+),Worst Injury in Crash,Traffic Control,Trafficway,Crash Type
2016,October,19,4:00 PM - 5:00 PM,Wayne County: Redford Twp.,Intersection crash,Hit-and-run,Daylight,"County road, city street, or unknown",Local road or unknown,45,Clear,No injury (O),Signal,Not physically divided (two-way trafficway),Single motor vehicle
2016,October,13,8:00 PM - 9:00 PM,Wayne County: Detroit,Not intersection crash,Not hit-and-run,Dark lighted,"County road, city street, or unknown",Local road or unknown,35,Clear,Possible injury (C),None,Not physically divided (two-way trafficway),Other
2016,June,7,2:00 PM - 3:00 PM,Wayne County: Detroit,Intersection crash,Not hit-and-run,Daylight,"County road, city street, or unknown",Local road or unknown,35,Cloudy,Suspected serious injury (A),Signal,Not physically divided (two-way trafficway),Single motor vehicle
2016,March,27,4:00 PM - 5:00 PM,Wayne County: Detroit,Intersection crash,Not hit-and-run,Daylight,"County road, city street, or unknown",Local road or unknown,35,Clear,Suspected minor injury (B),Stop sign,One-way trafficway,Angle
2016,May,22,8:00 PM - 9:00 PM,Wayne County: Detroit,Intersection crash,Not hit-and-run,Daylight,"County road, city street, or unknown",Local road or unknown,25,Clear,No injury (O),Stop sign,Not physically divided (two-way trafficway),Other
2016,May,29,4:00 PM - 5:00 PM,Wayne County: Detroit,Intersection crash,Not hit-and-run,Daylight,"County road, city street, or unknown",Local road or unknown,35,Clear,No injury (O),None,Not physically divided (two-way trafficway),Other
2016,October,5,3:00 PM - 4:00 PM,Wayne County: Detroit,Intersection crash,Not hit-and-run,Daylight,"County road, city street, or unknown",Local road or unknown,30,Clear,Possible injury (C),None,Not physically divided (two-way trafficway),Single motor vehicle
2016,September,6,3:00 PM - 4:00 PM,Wayne County: Redford Twp.,Not intersection crash,Not hit-and-run,Daylight,Michigan route,M-5,40,Clear,Suspected minor injury (B),None,One-way trafficway,Single motor vehicle
2016,June,6,8:00 PM - 9:00 PM,Wayne County: Redford Twp.,Intersection crash,Not hit-and-run,Daylight,"County road, city street, or unknown",Local road or unknown,35,Cloudy,Suspected minor injury (B),None,Not physically divided (two-way trafficway),Single motor vehicle
2016,December,31,6:00 PM - 7:00 PM,Wayne County: Detroit,Intersection crash,Hit-and-run,Dark unlighted,Michigan route,M-102\US-102,45,Clear,Suspected minor injury (B),Signal,Not physically divided (two-way trafficway),Single motor vehicle
2016,June,25,5:00 PM - 6:00 PM,Wayne County: Detroit,Not intersection crash,Hit-and-run,Daylight,"County road, city street, or unknown",Local road or unknown,30,Clear,Possible injury (C),None,Not physically divided (two-way trafficway),Single motor vehicle
2016,January,10,10:00 AM - 11:00 AM,Wayne County: Detroit,Intersection crash,Not hit-and-run,Daylight,"County road, city street, or unknown",Local road or unknown,30,Snow,Suspected minor injury (B),None,Not physically divided (two-way trafficway),Other
2016,July,30,10:00 AM - 11:00 AM,Wayne County: Detroit,Intersection crash,Not hit-and-run,Daylight,"County road, city street, or unknown",Local road or unknown,Uncoded & errors,Cloudy,Suspected serious injury (A),Signal,Not physically divided (two-way trafficway),Single motor vehicle
2016,April,25,10:00 PM - 11:00 PM,Wayne County: Detroit,Not intersection crash,Hit-and-run,Dark unlighted,"County road, city street, or unknown",Local road or unknown,25,Clear,No injury (O),None,Not physically divided (two-way trafficway),Other
2016,November,8,6:00 PM - 7:00 PM,Wayne County: Redford Twp.,Not intersection crash,Not hit-and-run,Dark lighted,"County road, city street, or unknown",Local road or unknown,45,Rain,Suspected minor injury (B),None,Not physically divided (two-way trafficway),Single motor vehicle
2016,May,3,8:00 PM - 9:00 PM,Wayne County: Detroit,Not intersection crash,Not hit-and-run,Daylight,"County road, city street, or unknown",Local road or unknown,25,Clear,Possible injury (C),None,One-way trafficway,Single motor vehicle
2016,October,7,7:00 PM - 8:00 PM,Wayne County: Wood Haven,Not intersection crash,Hit-and-run,Dark lighted,"County road, city street, or unknown",Local road or unknown,40,Clear,Suspected serious injury (A),None,Not physically divided (two-way trafficway),Single motor vehicle
2016,December,2,6:00 PM - 7:00 PM,Wayne County: Detroit,Intersection crash,Not hit-and-run,Dusk,"County road, city street, or unknown",Local road or unknown,25,Cloudy,Possible injury (C),None,Not physically divided (two-way trafficway),Single motor vehicle
2016,November,20,5:00 AM - 6:00 AM,Wayne County: Redford Twp.,Intersection crash,Not hit-and-run,Dark lighted,"County road, city street, or unknown",Local road or unknown,15,Clear,Possible injury (C),None,Not physically divided (two-way trafficway),Single motor vehicle
2016,July,9,9:00 PM - 10:00 PM,Wayne County: Detroit,Intersection crash,Hit-and-run,Dusk,"County road, city street, or unknown",Local road or unknown,20,Clear,No injury (O),None,Not physically divided (two-way trafficway),Other
2016,October,9,4:00 PM - 5:00 PM,Wayne County: Detroit,Intersection crash,Hit-and-run,Daylight,"County road, city street, or unknown",Local road or unknown,25,Clear,Possible injury (C),Signal,Not physically divided (two-way trafficway),Single motor vehicle
2016,June,11,1:00 AM - 2:00 AM,Wayne County: Detroit,Intersection crash,Hit-and-run,Dark lighted,"County road, city street, or unknown",Local road or unknown,30,Clear,Suspected minor injury (B),None,Not physically divided (two-way trafficway),Other
2016,February,20,10:00 AM - 11:00 AM,Wayne County: Lincoln Park,Intersection crash,Not hit-and-run,Daylight,"County road, city street, or unknown",Local road or unknown,25,Clear,No injury (O),None,Not physically divided (two-way trafficway),Single motor vehicle
2016,September,24,5:00 PM - 6:00 PM,Wayne County: Detroit,Not intersection crash,Not hit-and-run,Daylight,"County road, city street, or unknown",Local road or unknown,25,Clear,Suspected minor injury (B),None,Not physically divided (two-way trafficway),Other
2016,June,21,5:00 PM - 6:00 PM,Wayne County: Romulus,Not intersection crash,Not hit-and-run,Daylight,"County road, city street, or unknown",Local road or unknown,50,Clear,Suspected minor injury (B),None,Not physically divided (two-way trafficway),Single motor vehicle
2016,September,18,4:00 PM - 5:00 PM,Wayne County: Detroit,Intersection crash,Hit-and-run,Daylight,"County road, city street, or unknown",Local road or unknown,25,Clear,Possible injury (C),Signal,Not physically divided (two-way trafficway),Single motor vehicle
2016,May,12,9:00 PM - 10:00 PM,Wayne County: Detroit,Intersection crash,Not hit-and-run,Dark lighted,"County road, city street, or unknown",Local road or unknown,30,Rain,Suspected serious injury (A),None,Not physically divided (two-way trafficway),Single motor vehicle
2016,January,21,1:00 PM - 2:00 PM,Wayne County: Detroit,Intersection crash,Not hit-and-run,Daylight,"County road, city street, or unknown",Local road or unknown,30,Cloudy,Possible injury (C),Signal,Not physically divided (two-way trafficway),Single motor vehicle
2016,March,17,11:00 PM - 12:00 midnight,Wayne County: Detroit,Intersection crash,Hit-and-run,Dark lighted,"County road, city street, or unknown",Local road or unknown,25,Clear,Possible injury (C),None,Not physically divided (two-way trafficway),Single motor vehicle
2016,August,6,10:00 PM - 11:00 PM,Wayne County: Southgate,Intersection crash,Not hit-and-run,Dark lighted,"County road, city street, or unknown",Local road or unknown,25,Clear,Possible injury (C),Stop sign,Not physically divided (two-way trafficway),Single motor vehicle
2016,December,22,6:00 PM - 7:00 PM,Wayne County: Detroit,Not intersection crash,Not hit-and-run,Dark lighted,"County road, city street, or unknown",Local road or unknown,25,Clear,Possible injury (C),None,Not physically divided (two-way trafficway),Other
2016,March,31,8:00 AM - 9:00 AM,Wayne County: Detroit,Intersection crash,Hit-and-run,Dark lighted,"County road, city street, or unknown",Local road or unknown,30,Rain,Fatal injury (K),Signal,"Divided highway, median strip, without traffic barrier",Single motor vehicle
2016,September,10,1:00 PM - 2:00 PM,Wayne County: Redford Twp.,Not intersection crash,Not hit-and-run,Daylight,Michigan route,M-14\M-14old,25,Clear,Possible injury (C),None,Not physically divided (two-way trafficway),Single motor vehicle
2016,April,6,11:00 PM - 12:00 midnight,Wayne County: Romulus,Not intersection crash,Hit-and-run,Dark unlighted,"County road, city street, or unknown",Local road or unknown,50,Rain,Possible injury (C),None,Not physically divided (two-way trafficway),Single motor vehicle
2016,April,16,1:00 AM - 2:00 AM,Wayne County: Detroit,Intersection crash,Hit-and-run,Dark lighted,"County road, city street, or unknown",Local road or unknown,25,Clear,Possible injury (C),None,Not physically divided (two-way trafficway),Other
2016,October,15,2:00 PM - 3:00 PM,Wayne County: Detroit,Intersection crash,Not hit-and-run,Daylight,Michigan route,M-8\US-8,30,Clear,Possible injury (C),Signal,Not physically divided (two-way trafficway),Other
2016,December,22,7:00 AM - 8:00 AM,Wayne County: Detroit,Intersection crash,Hit-and-run,Daylight,"County road, city street, or unknown",Local road or unknown,Uncoded & errors,Clear,No injury (O),Signal,Not physically divided (two-way trafficway),Other
2016,August,5,9:00 PM - 10:00 PM,Wayne County: Detroit,Not intersection crash,Hit-and-run,Dark lighted,"County road, city street, or unknown",Local road or unknown,30,Cloudy,Fatal injury (K),None,Not physically divided (two-way trafficway),Single motor vehicle
2016,May,18,3:00 PM - 4:00 PM,Wayne County: Dearborn,Not intersection crash,Hit-and-run,Daylight,"County road, city street, or unknown",Local road or unknown,5,Clear,No injury (O),None,Not physically divided (two-way trafficway),Single motor vehicle
2016,October,20,5:00 PM - 6:00 PM,Wayne County: Lincoln Park,Intersection crash,Not hit-and-run,Daylight,"County road, city street, or unknown",Local road or unknown,25,Rain,Suspected serious injury (A),Stop sign,Not physically divided (two-way trafficway),Single motor vehicle
2016,December,6,9:00 PM - 10:00 PM,Wayne County: Dearborn,Intersection crash,Not hit-and-run,Dark lighted,Michigan route,M-153,50,Rain,Suspected minor injury (B),Signal,"Divided highway, median strip, with traffic barrier",Other
2016,September,27,7:00 PM - 8:00 PM,Wayne County: Detroit,Intersection crash,Not hit-and-run,Dawn,Michigan route,M-53,35,Clear,Possible injury (C),Signal,Not physically divided (two-way trafficway),Single motor vehicle
2016,August,3,9:00 PM - 10:00 PM,Wayne County: Detroit,Not intersection crash,Hit-and-run,Dark lighted,"County road, city street, or unknown",Local road or unknown,35,Clear,Fatal injury (K),None,Not physically divided (two-way trafficway),Single motor vehicle
2016,January,28,3:00 PM - 4:00 PM,Wayne County: Detroit,Not intersection crash,Not hit-and-run,Daylight,Michigan route,M-3,35,Cloudy,Fatal injury (K),None,Not physically divided (two-way trafficway),Single motor vehicle
2016,April,28,3:00 PM - 4:00 PM,Wayne County: Taylor,Intersection crash,Not hit-and-run,Daylight,"County road, city street, or unknown",Local road or unknown,45,Cloudy,Possible injury (C),Signal,Not physically divided (two-way trafficway),Single motor vehicle
2016,July,12,4:00 PM - 5:00 PM,Wayne County: Detroit,Not intersection crash,Not hit-and-run,Daylight,"County road, city street, or unknown",Local road or unknown,30,Clear,Possible injury (C),None,Not physically divided (two-way trafficway),Other
2016,July,27,1:00 PM - 2:00 PM,Wayne County: Detroit,Intersection crash,Hit-and-run,Daylight,"County road, city street, or unknown",Local road or unknown,30,Clear,Suspected minor injury (B),None,Not physically divided (two-way trafficway),Single motor vehicle
2016,August,18,5:00 PM - 6:00 PM,Wayne County: Flat Rock,Not intersection crash,Not hit-and-run,Daylight,"County road, city street, or unknown",Local road or unknown,25,Clear,Possible injury (C),Yield sign,Not physically divided (two-way trafficway),Single motor vehicle
2016,July,20,3:00 PM - 4:00 PM,Wayne County: Detroit,Not intersection crash,Not hit-and-run,Daylight,"County road, city street, or unknown",Local road or unknown,25,Clear,Suspected minor injury (B),Stop sign,Not physically divided (two-way trafficway),Single motor vehicle
2016,April,15,11:00 PM - 12:00 midnight,Wayne County: Detroit,Not intersection crash,Hit-and-run,Dark lighted,"County road, city street, or unknown",Local road or unknown,35,Clear,Fatal injury (K),Stop sign,Not physically divided (two-way trafficway),Single motor vehicle
2016,May,24,7:00 PM - 8:00 PM,Wayne County: Detroit,Intersection crash,Not hit-and-run,Daylight,Michigan route,M-102\US-102,40,Clear,Possible injury (C),Signal,Not physically divided (two-way trafficway),Single motor vehicle
2016,May,28,12:00 noon - 1:00 PM,Wayne County: Detroit,Intersection crash,Not hit-and-run,Daylight,"County road, city street, or unknown",Local road or unknown,30,Clear,Possible injury (C),Signal,Not physically divided (two-way trafficway),Single motor vehicle
2016,October,1,8:00 PM - 9:00 PM,Wayne County: Detroit,Intersection crash,Hit-and-run,Dark lighted,"County road, city street, or unknown",Local road or unknown,25,Rain,No injury (O),Stop sign,Not physically divided (two-way trafficway),Single motor vehicle
2016,November,16,8:00 AM - 9:00 AM,Wayne County: Detroit,Not intersection crash,Hit-and-run,Daylight,"County road, city street, or unknown",Local road or unknown,30,Cloudy,Suspected minor injury (B),Stop sign,Not physically divided (two-way trafficway),Other
2016,September,17,5:00 PM - 6:00 PM,Wayne County: Detroit,Not intersection crash,Hit-and-run,Daylight,"County road, city street, or unknown",Local road or unknown,30,Clear,No injury (O),None,Not physically divided (two-way trafficway),Single motor vehicle
2016,September,29,8:00 PM - 9:00 PM,Wayne County: Dearborn,Not intersection crash,Not hit-and-run,Daylight,"County road, city street, or unknown",Local road or unknown,35,Clear,No injury (O),Signal,Not physically divided (two-way trafficway),Single motor vehicle
2016,December,13,5:00 AM - 6:00 AM,Wayne County: Plymouth Twp.,Not intersection crash,Not hit-and-run,Dark unlighted,"County road, city street, or unknown",Local road or unknown,45,Clear,Possible injury (C),Signal,Not physically divided (two-way trafficway),Single motor vehicle
2016,October,25,8:00 AM - 9:00 AM,Wayne County: Hamtramck,Not intersection crash,Not hit-and-run,Daylight,"County road, city street, or unknown",Local road or unknown,25,Clear,Suspected minor injury (B),None,Not physically divided (two-way trafficway),Single motor vehicle
2016,December,14,11:00 AM - 12:00 noon,Wayne County: Detroit,Intersection crash,Not hit-and-run,Daylight,Interstate route,M-75\I-75\I-75BL\I-75BS,35,Snow,Suspected serious injury (A),Signal,Not physically divided (two-way trafficway),Other
2016,April,15,4:00 PM - 5:00 PM,Wayne County: Grosse Pointe Woods,Intersection crash,Not hit-and-run,Daylight,"County road, city street, or unknown",Local road or unknown,25,Clear,Suspected minor injury (B),Stop sign,Not physically divided (two-way trafficway),Single motor vehicle
2016,December,18,3:00 AM - 4:00 AM,Wayne County: Detroit,Not intersection crash,Not hit-and-run,Dark lighted,Michigan route,M-39,55,Cloudy,Suspected minor injury (B),None,"Divided highway, median strip, with traffic barrier",Other
2016,May,15,4:00 PM - 5:00 PM,Wayne County: Dearborn Heights,Not intersection crash,Hit-and-run,Daylight,"County road, city street, or unknown",Local road or unknown,25,Clear,Suspected minor injury (B),None,Not physically divided (two-way trafficway),Other
2016,February,13,3:00 PM - 4:00 PM,Wayne County: Detroit,Intersection crash,Hit-and-run,Daylight,"County road, city street, or unknown",Local road or unknown,25,Clear,Possible injury (C),None,Not physically divided (two-way trafficway),Single motor vehicle
2016,January,30,2:00 PM - 3:00 PM,Wayne County: Canton Twp.,Intersection crash,Not hit-and-run,Daylight,"County road, city street, or unknown",Local road or unknown,45,Clear,Possible injury (C),Signal,Not physically divided (two-way trafficway),Other
2016,November,15,11:00 PM - 12:00 midnight,Wayne County: Detroit,Intersection crash,Not hit-and-run,Dark lighted,"County road, city street, or unknown",Local road or unknown,35,Clear,Possible injury (C),None,Not physically divided (two-way trafficway),Single motor vehicle
2016,February,15,2:00 PM - 3:00 PM,Wayne County: Detroit,Not intersection crash,Hit-and-run,Daylight,"County road, city street, or unknown",Local road or unknown,35,Cloudy,Possible injury (C),Signal,Not physically divided (two-way trafficway),Other
2016,January,7,10:00 AM - 11:00 AM,Wayne County: Detroit,Intersection crash,Hit-and-run,Daylight,"County road, city street, or unknown",Local road or unknown,25,Cloudy,Possible injury (C),Signal,Not physically divided (two-way trafficway),Single motor vehicle
2016,April,7,10:00 AM - 11:00 AM,Wayne County: Detroit,Intersection crash,Not hit-and-run,Daylight,"County road, city street, or unknown",Local road or unknown,25,Rain,Possible injury (C),Signal,Not physically divided (two-way trafficway),Single motor vehicle
2016,November,18,4:00 PM - 5:00 PM,Wayne County: Dearborn,Not intersection crash,Hit-and-run,Daylight,"County road, city street, or unknown",Local road or unknown,35,Clear,Possible injury (C),Signal,Not physically divided (two-way trafficway),Other
2016,May,20,3:00 PM - 4:00 PM,Wayne County: Detroit,Intersection crash,Not hit-and-run,Daylight,Interstate route,M-94\I-94\I-94BL\I-94BR,35,Clear,Possible injury (C),Signal,Not physically divided (two-way trafficway),Single motor vehicle
2016,January,19,4:00 PM - 5:00 PM,Wayne County: Dearborn,Intersection crash,Not hit-and-run,Daylight,"County road, city street, or unknown",Local road or unknown,35,Clear,Suspected minor injury (B),Signal,Not physically divided (two-way trafficway),Single motor vehicle
2016,September,30,7:00 PM - 8:00 PM,Wayne County: Detroit,Intersection crash,Not hit-and-run,Dark unlighted,"County road, city street, or unknown",Local road or unknown,30,Rain,Fatal injury (K),Signal,"Divided highway, median strip, without traffic barrier",Single motor vehicle
2016,December,19,5:00 PM - 6:00 PM,Wayne County: Canton Twp.,Intersection crash,Not hit-and-run,Dark unlighted,"County road, city street, or unknown",Local road or unknown,25,Cloudy,Suspected minor injury (B),None,Not physically divided (two-way trafficway),Single motor vehicle
2016,September,27,3:00 PM - 4:00 PM,Wayne County: Redford Twp.,Not intersection crash,Not hit-and-run,Daylight,"County road, city street, or unknown",Local road or unknown,15,Clear,No injury (O),Signal,Not physically divided (two-way trafficway),Single motor vehicle
2016,June,21,5:00 PM - 6:00 PM,Wayne County: Detroit,Intersection crash,Not hit-and-run,Daylight,"County road, city street, or unknown",Local road or unknown,25,Clear,Suspected serious injury (A),None,Not physically divided (two-way trafficway),Single motor vehicle
2016,October,20,7:00 PM - 8:00 PM,Wayne County: Detroit,Intersection crash,Not hit-and-run,Unknown,"County road, city street, or unknown",Local road or unknown,35,Rain,No injury (O),None,Not physically divided (two-way trafficway),Other
2016,November,15,6:00 PM - 7:00 PM,Wayne County: Lincoln Park,Intersection crash,Not hit-and-run,Dark lighted,"County road, city street, or unknown",Local road or unknown,35,Clear,Fatal injury (K),None,"Two-way, with continuous left-turn lane",Single motor vehicle
2016,February,15,4:00 PM - 5:00 PM,Wayne County: Detroit,Not intersection crash,Hit-and-run,Daylight,"County road, city street, or unknown",Local road or unknown,30,Cloudy,Possible injury (C),None,Not physically divided (two-way trafficway),Single motor vehicle
2016,March,7,5:00 PM - 6:00 PM,Wayne County: Detroit,Intersection crash,Not hit-and-run,Daylight,"County road, city street, or unknown",Local road or unknown,35,Clear,Possible injury (C),Signal,Not physically divided (two-way trafficway),Single motor vehicle
2016,January,5,5:00 PM - 6:00 PM,Wayne County: Detroit,Intersection crash,Hit-and-run,Daylight,"County road, city street, or unknown",Local road or unknown,25,Clear,No injury (O),Signal,Not physically divided (two-way trafficway),Other
2016,August,18,1:00 PM - 2:00 PM,Wayne County: Detroit,Not intersection crash,Hit-and-run,Daylight,"County road, city street, or unknown",Local road or unknown,25,Clear,Suspected minor injury (B),None,Not physically divided (two-way trafficway),Single motor vehicle
2016,December,29,3:00 PM - 4:00 PM,Wayne County: Detroit,Intersection crash,Hit-and-run,Daylight,"County road, city street, or unknown",Local road or unknown,25,Clear,No injury (O),Stop sign,Not physically divided (two-way trafficway),Unknown
2016,October,20,7:00 PM - 8:00 PM,Wayne County: Detroit,Not intersection crash,Hit-and-run,Dark lighted,"County road, city street, or unknown",Local road or unknown,35,Rain,Fatal injury (K),None,Not physically divided (two-way trafficway),Single motor vehicle
2016,December,21,6:00 PM - 7:00 PM,Wayne County: Detroit,Intersection crash,Not hit-and-run,Dark lighted,"County road, city street, or unknown",Local road or unknown,30,Clear,Possible injury (C),None,Not physically divided (two-way trafficway),Single motor vehicle
2016,March,29,4:00 PM - 5:00 PM,Wayne County: Highland Park,Not intersection crash,Hit-and-run,Daylight,"County road, city street, or unknown",Local road or unknown,35,Clear,No injury (O),None,Not physically divided (two-way trafficway),Single motor vehicle
2016,January,3,2:00 PM - 3:00 PM,Wayne County: Detroit,Not intersection crash,Hit-and-run,Daylight,"County road, city street, or unknown",Local road or unknown,35,Clear,Suspected minor injury (B),None,Not physically divided (two-way trafficway),Single motor vehicle
2016,December,27,11:00 AM - 12:00 noon,Wayne County: Detroit,Intersection crash,Hit-and-run,Daylight,"County road, city street, or unknown",Local road or unknown,30,Cloudy,Possible injury (C),None,Not physically divided (two-way trafficway),Single motor vehicle
2016,May,16,3:00 PM - 4:00 PM,Wayne County: Detroit,Not intersection crash,Not hit-and-run,Daylight,"County road, city street, or unknown",Local road or unknown,25,Cloudy,Possible injury (C),None,Not physically divided (two-way trafficway),Other
2016,February,28,2:00 AM - 3:00 AM,Wayne County: Detroit,Intersection crash,Hit-and-run,Dark lighted,Michigan route,M-96\I-96\I-96BS,35,Clear,Possible injury (C),Signal,Not physically divided (two-way trafficway),Other
2016,April,25,6:00 PM - 7:00 PM,Wayne County: Taylor,Not intersection crash,Not hit-and-run,Daylight,"County road, city street, or unknown",Local road or unknown,40,Clear,Possible injury (C),None,Not physically divided (two-way trafficway),Single motor vehicle
2016,January,8,7:00 AM - 8:00 AM,Wayne County: Detroit,Not intersection crash,Not hit-and-run,Daylight,Michigan route,M-1,Uncoded & errors,Clear,No injury (O),None,Not physically divided (two-way trafficway),Single motor vehicle
2016,October,17,4:00 PM - 5:00 PM,Wayne County: Detroit,Intersection crash,Hit-and-run,Daylight,"County road, city street, or unknown",Local road or unknown,35,Clear,Suspected minor injury (B),Signal,One-way trafficway,Single motor vehicle
2016,March,7,8:00 PM - 9:00 PM,Wayne County: Taylor,Not intersection crash,Not hit-and-run,Dark lighted,Interstate route,M-94\I-94\I-94BL\I-94BR,70,Clear,Fatal injury (K),None,"Divided highway, median strip, with traffic barrier",Other
2016,May,29,12:00 midnight - 1:00 AM,Wayne County: Detroit,Intersection crash,Not hit-and-run,Dark lighted,"County road, city street, or unknown",Local road or unknown,30,Clear,Fatal injury (K),Stop sign,Not physically divided (two-way trafficway),Angle
2016,April,7,12:00 noon - 1:00 PM,Wayne County: Detroit,Intersection crash,Not hit-and-run,Daylight,"County road, city street, or unknown",Local road or unknown,25,Rain,Possible injury (C),Signal,Not physically divided (two-way trafficway),Single motor vehicle
2016,June,12,3:00 AM - 4:00 AM,Wayne County: Detroit,Not intersection crash,Not hit-and-run,Dark lighted,Michigan route,M-39,55,Clear,Fatal injury (K),None,"Divided highway, median strip, with traffic barrier",Single motor vehicle
2016,March,22,6:00 PM - 7:00 PM,Wayne County: Southgate,Not intersection crash,Not hit-and-run,Daylight,"County road, city street, or unknown",Local road or unknown,40,Clear,Suspected minor injury (B),Signal,Not physically divided (two-way trafficway),Single motor vehicle
2016,January,7,8:00 AM - 9:00 AM,Wayne County: Trenton,Intersection crash,Not hit-and-run,Daylight,"County road, city street, or unknown",Local road or unknown,35,Clear,Possible injury (C),Signal,Not physically divided (two-way trafficway),Single motor vehicle
2016,January,27,7:00 AM - 8:00 AM,Wayne County: Northville Twp.,Not intersection crash,Hit-and-run,Dawn,"County road, city street, or unknown",Local road or unknown,25,Snow,No injury (O),None,Not physically divided (two-way trafficway),Other
2016,February,1,4:00 PM - 5:00 PM,Wayne County: Wayne,Not intersection crash,Not hit-and-run,Daylight,"County road, city street, or unknown",Local road or unknown,45,Clear,Suspected serious injury (A),None,Not physically divided (two-way trafficway),Single motor vehicle
2016,August,22,3:00 PM - 4:00 PM,Wayne County: Redford Twp.,Intersection crash,Not hit-and-run,Daylight,"County road, city street, or unknown",Local road or unknown,40,Clear,Possible injury (C),Stop sign,Not physically divided (two-way trafficway),Single motor vehicle
2016,August,11,1:00 PM - 2:00 PM,Wayne County: Hamtramck,Intersection crash,Not hit-and-run,Daylight,"County road, city street, or unknown",Local road or unknown,25,Clear,Possible injury (C),Signal,Not physically divided (two-way trafficway),Single motor vehicle