Crash Year,Crash Month,Crash Day,Time of Day,City or Township,Crash: Intersection,Crash: Hit-and-Run,Lighting Conditions,Highway Class,Highway Number,Speed Limit at Crash Site,Weather Conditions (2016+),Worst Injury in Crash,Traffic Control,Trafficway,Crash Type
2016,November,25,7:00 PM - 8:00 PM,Wayne County: Detroit,Intersection crash,Hit-and-run,Dark lighted,Michigan route,M-3,35,Rain,Suspected serious injury (A),None,Not physically divided (two-way trafficway),Other
2016,February,4,9:00 PM - 10:00 PM,Wayne County: Detroit,Not intersection crash,Hit-and-run,Dark lighted,Interstate route,I-375,55,Clear,Suspected minor injury (B),None,"Divided highway, median strip, with traffic barrier",Other
2016,October,15,11:00 PM - 12:00 midnight,Wayne County: Detroit,Intersection crash,Not hit-and-run,Dark lighted,Michigan route,M-3,35,Cloudy,Suspected serious injury (A),Signal,"Divided highway, median strip, with traffic barrier",Single motor vehicle
2016,May,9,8:00 AM - 9:00 AM,Wayne County: Redford Twp.,Not intersection crash,Not hit-and-run,Daylight,U.S. route,M-24\US-24\US-24BR,70,Clear,Possible injury (C),None,"Divided highway, median strip, with traffic barrier",Sideswipe same direction
2016,March,12,7:00 PM - 8:00 PM,Wayne County: Hamtramck,Not intersection crash,Hit-and-run,Dark lighted,"County road, city street, or unknown",Local road or unknown,35,Clear,Suspected serious injury (A),None,Not physically divided (two-way trafficway),Other
2016,July,20,9:00 PM - 10:00 PM,Wayne County: Detroit,Intersection crash,Not hit-and-run,Dark lighted,"County road, city street, or unknown",Local road or unknown,25,Clear,No injury (O),None,Not physically divided (two-way trafficway),Other
2016,August,30,5:00 PM - 6:00 PM,Wayne County: Detroit,Intersection crash,Not hit-and-run,Daylight,"County road, city street, or unknown",Local road or unknown,25,Cloudy,No injury (O),None,Not physically divided (two-way trafficway),Other
2016,January,1,1:00 AM - 2:00 AM,Wayne County: Detroit,Not intersection crash,Hit-and-run,Dark lighted,"County road, city street, or unknown",Local road or unknown,25,Clear,Fatal injury (K),None,Not physically divided (two-way trafficway),Single motor vehicle
2016,April,28,9:00 PM - 10:00 PM,Wayne County: Detroit,Intersection crash,Hit-and-run,Dark lighted,"County road, city street, or unknown",Local road or unknown,25,Clear,No injury (O),Stop sign,Not physically divided (two-way trafficway),Single motor vehicle
2016,December,3,10:00 AM - 11:00 AM,Wayne County: Detroit,Not intersection crash,Hit-and-run,Dark lighted,Michigan route,M-102\US-102,Uncoded & errors,Clear,No injury (O),None,"Divided highway, median strip, without traffic barrier",Other
2016,March,22,11:00 PM - 12:00 midnight,Wayne County: Sumpter Twp.,Not intersection crash,Not hit-and-run,Dark unlighted,"County road, city street, or unknown",Local road or unknown,45,Cloudy,Fatal injury (K),None,Not physically divided (two-way trafficway),Single motor vehicle
2016,September,28,9:00 PM - 10:00 PM,Wayne County: Redford Twp.,Not intersection crash,Not hit-and-run,Dark lighted,"County road, city street, or unknown",Local road or unknown,40,Rain,Possible injury (C),None,Not physically divided (two-way trafficway),Single motor vehicle
2016,November,8,3:00 PM - 4:00 PM,Wayne County: Detroit,Intersection crash,Hit-and-run,Daylight,"County road, city street, or unknown",Local road or unknown,30,Clear,No injury (O),Stop sign,Not physically divided (two-way trafficway),Other
2016,October,5,8:00 PM - 9:00 PM,Wayne County: Romulus,Intersection crash,Not hit-and-run,Dark unlighted,"County road, city street, or unknown",Local road or unknown,45,Cloudy,No injury (O),Signal,"Two-way, with continuous left-turn lane",Other
2016,July,21,6:00 PM - 7:00 PM,Wayne County: Detroit,Intersection crash,Not hit-and-run,Daylight,"County road, city street, or unknown",Local road or unknown,25,Cloudy,Suspected serious injury (A),Signal,One-way trafficway,Single motor vehicle
2016,November,8,10:00 AM - 11:00 AM,Wayne County: Highland Park,Intersection crash,Not hit-and-run,Daylight,Michigan route,M-1,30,Cloudy,Possible injury (C),None,Not physically divided (two-way trafficway),Single motor vehicle
2016,November,28,7:00 PM - 8:00 PM,Wayne County: Livonia,Intersection crash,Not hit-and-run,Dark lighted,"County road, city street, or unknown",Local road or unknown,25,Rain,Suspected minor injury (B),Signal,Not physically divided (two-way trafficway),Single motor vehicle
2016,October,2,2:00 PM - 3:00 PM,Wayne County: Detroit,Not intersection crash,Not hit-and-run,Daylight,"County road, city street, or unknown",Local road or unknown,25,Clear,Possible injury (C),Stop sign,Not physically divided (two-way trafficway),Single motor vehicle
2016,October,21,11:00 PM - 12:00 midnight,Wayne County: Wyandotte,Intersection crash,Not hit-and-run,Dark lighted,"County road, city street, or unknown",Local road or unknown,25,Clear,Suspected minor injury (B),None,One-way trafficway,Single motor vehicle
2016,December,16,6:00 PM - 7:00 PM,Wayne County: Highland Park,Intersection crash,Not hit-and-run,Dark unlighted,"County road, city street, or unknown",Local road or unknown,35,Snow,Suspected minor injury (B),Signal,Not physically divided (two-way trafficway),Single motor vehicle
2016,September,3,6:00 PM - 7:00 PM,Wayne County: Detroit,Not intersection crash,Hit-and-run,Daylight,"County road, city street, or unknown",Local road or unknown,25,Clear,Suspected serious injury (A),None,Not physically divided (two-way trafficway),Single motor vehicle
2016,June,24,8:00 PM - 9:00 PM,Wayne County: Detroit,Not intersection crash,Hit-and-run,Daylight,"County road, city street, or unknown",Local road or unknown,25,Clear,Possible injury (C),Stop sign,Not physically divided (two-way trafficway),Unknown
2016,April,29,9:00 PM - 10:00 PM,Wayne County: Detroit,Intersection crash,Hit-and-run,Dark lighted,"County road, city street, or unknown",Local road or unknown,25,Clear,Possible injury (C),Signal,Not physically divided (two-way trafficway),Single motor vehicle
2016,March,22,8:00 AM - 9:00 AM,Wayne County: Detroit,Not intersection crash,Hit-and-run,Daylight,"County road, city street, or unknown",Local road or unknown,Uncoded & errors,Clear,No injury (O),None,One-way trafficway,Other
2016,May,22,7:00 PM - 8:00 PM,Wayne County: Detroit,Intersection crash,Not hit-and-run,Daylight,"County road, city street, or unknown",Local road or unknown,25,Clear,Possible injury (C),None,Not physically divided (two-way trafficway),Single motor vehicle
2016,July,7,6:00 AM - 7:00 AM,Wayne County: Detroit,Not intersection crash,Hit-and-run,Daylight,"County road, city street, or unknown",Local road or unknown,Uncoded & errors,Clear,Possible injury (C),None,Not physically divided (two-way trafficway),Other
2016,January,19,5:00 PM - 6:00 PM,Wayne County: Detroit,Intersection crash,Not hit-and-run,Daylight,Michigan route,M-96\I-96\I-96BS,35,Clear,Possible injury (C),None,Not physically divided (two-way trafficway),Other
2016,January,5,9:00 PM - 10:00 PM,Wayne County: Detroit,Not intersection crash,Hit-and-run,Dark lighted,"County road, city street, or unknown",Local road or unknown,25,Clear,Possible injury (C),None,Not physically divided (two-way trafficway),Other
2016,October,1,9:00 PM - 10:00 PM,Wayne County: Dearborn,Not intersection crash,Not hit-and-run,Dark lighted,"County road, city street, or unknown",Local road or unknown,25,Rain,Suspected minor injury (B),None,Not physically divided (two-way trafficway),Other
2016,October,4,9:00 AM - 10:00 AM,Wayne County: Dearborn Heights,Not intersection crash,Not hit-and-run,Daylight,"County road, city street, or unknown",Local road or unknown,25,Clear,Possible injury (C),Signal,Not physically divided (two-way trafficway),Single motor vehicle
2016,May,13,8:00 PM - 9:00 PM,Wayne County: Hamtramck,Not intersection crash,Not hit-and-run,Daylight,"County road, city street, or unknown",Local road or unknown,25,Clear,Suspected minor injury (B),None,One-way trafficway,Single motor vehicle
2016,November,9,3:00 PM - 4:00 PM,Wayne County: Trenton,Not intersection crash,Hit-and-run,Daylight,"County road, city street, or unknown",Local road or unknown,25,Clear,No injury (O),None,Not physically divided (two-way trafficway),Single motor vehicle
2016,December,8,8:00 AM - 9:00 AM,Wayne County: Detroit,Intersection crash,Not hit-and-run,Daylight,"County road, city street, or unknown",Local road or unknown,Uncoded & errors,Clear,No injury (O),None,Not physically divided (two-way trafficway),Single motor vehicle
2016,June,24,12:00 midnight - 1:00 AM,Wayne County: Detroit,Not intersection crash,Hit-and-run,Dark lighted,"County road, city street, or unknown",Local road or unknown,25,Clear,Suspected minor injury (B),None,Not physically divided (two-way trafficway),Single motor vehicle
2016,May,5,10:00 PM - 11:00 PM,Wayne County: Detroit,Intersection crash,Not hit-and-run,Dark lighted,Michigan route,M-85,45,Clear,No injury (O),Signal,"Divided highway, median strip, with traffic barrier",Other
2016,May,11,4:00 PM - 5:00 PM,Wayne County: Detroit,Intersection crash,Hit-and-run,Daylight,"County road, city street, or unknown",Local road or unknown,30,Cloudy,Suspected minor injury (B),Signal,Not physically divided (two-way trafficway),Single motor vehicle
2016,October,3,1:00 AM - 2:00 AM,Wayne County: Detroit,Not intersection crash,Hit-and-run,Dark unlighted,"County road, city street, or unknown",Local road or unknown,25,Clear,No injury (O),None,Not physically divided (two-way trafficway),Other
2016,August,17,8:00 PM - 9:00 PM,Wayne County: Detroit,Intersection crash,Hit-and-run,Daylight,"County road, city street, or unknown",Local road or unknown,25,Unknown,Suspected serious injury (A),Signal,Not physically divided (two-way trafficway),Single motor vehicle
2016,April,30,12:00 midnight - 1:00 AM,Wayne County: Westland,Intersection crash,Not hit-and-run,Dark lighted,"County road, city street, or unknown",Local road or unknown,40,Clear,Suspected serious injury (A),Signal,Not physically divided (two-way trafficway),Other
2016,September,14,7:00 AM - 8:00 AM,Wayne County: Detroit,Intersection crash,Hit-and-run,Dawn,Michigan route,M-8\US-8,35,Clear,Suspected serious injury (A),Signal,Not physically divided (two-way trafficway),Single motor vehicle
2016,August,15,11:00 PM - 12:00 midnight,Wayne County: Detroit,Not intersection crash,Hit-and-run,Dark lighted,Michigan route,M-96\I-96\I-96BS,Uncoded & errors,Rain,Suspected serious injury (A),Signal,One-way trafficway,Other
2016,December,10,1:00 PM - 2:00 PM,Wayne County: Dearborn,Not intersection crash,Not hit-and-run,Daylight,"County road, city street, or unknown",Local road or unknown,25,Snow,Possible injury (C),None,Not physically divided (two-way trafficway),Single motor vehicle
2016,June,24,4:00 PM - 5:00 PM,Wayne County: Detroit,Not intersection crash,Not hit-and-run,Daylight,"County road, city street, or unknown",Local road or unknown,25,Clear,Possible injury (C),None,Not physically divided (two-way trafficway),Other
2016,May,17,9:00 PM - 10:00 PM,Wayne County: Detroit,Not intersection crash,Hit-and-run,Dark lighted,U.S. route,M-12\US-12\US-12BL\US-12BR,35,Clear,Fatal injury (K),None,"Divided highway, median strip, without traffic barrier",Single motor vehicle
2016,November,1,7:00 AM - 8:00 AM,Wayne County: Dearborn,Intersection crash,Hit-and-run,Dark lighted,Michigan route,M-153,35,Clear,Possible injury (C),Signal,One-way trafficway,Other
2016,April,2,1:00 PM - 2:00 PM,Wayne County: Detroit,Not intersection crash,Hit-and-run,Unknown,"County road, city street, or unknown",Local road or unknown,25,Unknown,Possible injury (C),None,Not physically divided (two-way trafficway),Single motor vehicle
2016,November,10,8:00 AM - 9:00 AM,Wayne County: Detroit,Intersection crash,Not hit-and-run,Daylight,"County road, city street, or unknown",Local road or unknown,30,Clear,Fatal injury (K),Signal,Not physically divided (two-way trafficway),Single motor vehicle
2016,June,14,8:00 AM - 9:00 AM,Wayne County: Detroit,Intersection crash,Not hit-and-run,Daylight,"County road, city street, or unknown",Local road or unknown,25,Clear,Possible injury (C),None,Not physically divided (two-way trafficway),Single motor vehicle
2016,August,7,7:00 PM - 8:00 PM,Wayne County: Brownstown Twp.,Not intersection crash,Not hit-and-run,Daylight,"County road, city street, or unknown",Local road or unknown,45,Clear,Possible injury (C),None,Not physically divided (two-way trafficway),Single motor vehicle
2016,April,17,11:00 AM - 12:00 noon,Wayne County: Detroit,Intersection crash,Hit-and-run,Daylight,Michigan route,M-5,30,Clear,No injury (O),Signal,One-way trafficway,Single motor vehicle
2016,February,5,7:00 AM - 8:00 AM,Wayne County: Detroit,Not intersection crash,Not hit-and-run,Dark lighted,"County road, city street, or unknown",Local road or unknown,30,Clear,Possible injury (C),None,"Divided highway, median strip, without traffic barrier",Other
2016,September,3,11:00 PM - 12:00 midnight,Wayne County: Northville Twp.,Not intersection crash,Not hit-and-run,Dark lighted,"County road, city street, or unknown",Local road or unknown,45,Clear,Suspected minor injury (B),None,Not physically divided (two-way trafficway),Other
2016,August,31,7:00 PM - 8:00 PM,Wayne County: Lincoln Park,Intersection crash,Not hit-and-run,Daylight,"County road, city street, or unknown",Local road or unknown,40,Clear,Suspected minor injury (B),None,Not physically divided (two-way trafficway),Single motor vehicle
2016,December,4,6:00 PM - 7:00 PM,Wayne County: Detroit,Intersection crash,Not hit-and-run,Dark lighted,"County road, city street, or unknown",Local road or unknown,Uncoded & errors,Clear,Suspected serious injury (A),None,Not physically divided (two-way trafficway),Single motor vehicle
2016,July,19,11:00 AM - 12:00 noon,Wayne County: Detroit,Intersection crash,Not hit-and-run,Daylight,"County road, city street, or unknown",Local road or unknown,30,Clear,No injury (O),Signal,Not physically divided (two-way trafficway),Other
2016,March,23,11:00 AM - 12:00 noon,Wayne County: Harper Woods,Not intersection crash,Not hit-and-run,Daylight,"County road, city street, or unknown",Local road or unknown,Uncoded & errors,Unknown,Possible injury (C),None,One-way trafficway,Rear-end
2016,June,28,1:00 PM - 2:00 PM,Wayne County: Detroit,Not intersection crash,Not hit-and-run,Daylight,"County road, city street, or unknown",Local road or unknown,25,Cloudy,Suspected serious injury (A),None,One-way trafficway,Single motor vehicle
2016,January,1,1:00 AM - 2:00 AM,Wayne County: Detroit,Not intersection crash,Hit-and-run,Dark lighted,"County road, city street, or unknown",Local road or unknown,25,Clear,Suspected minor injury (B),None,Not physically divided (two-way trafficway),Single motor vehicle
2016,September,30,4:00 PM - 5:00 PM,Wayne County: Detroit,Intersection crash,Not hit-and-run,Daylight,"County road, city street, or unknown",Local road or unknown,30,Rain,Possible injury (C),Stop sign,Not physically divided (two-way trafficway),Single motor vehicle
2016,August,10,8:00 AM - 9:00 AM,Wayne County: Grosse Pointe Park,Intersection crash,Not hit-and-run,Daylight,"County road, city street, or unknown",Local road or unknown,25,Clear,Possible injury (C),Stop sign,Not physically divided (two-way trafficway),Single motor vehicle
2016,March,26,1:00 AM - 2:00 AM,Wayne County: Dearborn,Not intersection crash,Not hit-and-run,Dark lighted,"County road, city street, or unknown",Local road or unknown,35,Clear,Suspected serious injury (A),None,Not physically divided (two-way trafficway),Single motor vehicle
2016,October,19,7:00 PM - 8:00 PM,Wayne County: Detroit,Intersection crash,Not hit-and-run,Dark lighted,U.S. route,M-24\US-24\US-24BR,35,Rain,Possible injury (C),None,Not physically divided (two-way trafficway),Unknown
2016,November,21,9:00 AM - 10:00 AM,Wayne County: Detroit,Intersection crash,Not hit-and-run,Daylight,"County road, city street, or unknown",Local road or unknown,30,Clear,Possible injury (C),Signal,Not physically divided (two-way trafficway),Single motor vehicle
2016,September,17,8:00 AM - 9:00 AM,Wayne County: Livonia,Not intersection crash,Not hit-and-run,Daylight,Interstate route,M-96\I-96\I-96BS,70,Rain,Suspected minor injury (B),None,"Divided highway, median strip, with traffic barrier",Rear-end
2016,August,29,4:00 PM - 5:00 PM,Wayne County: Melvindale,Not intersection crash,Not hit-and-run,Daylight,"County road, city street, or unknown",Local road or unknown,25,Clear,Possible injury (C),Stop sign,Not physically divided (two-way trafficway),Single motor vehicle
2016,November,8,6:00 PM - 7:00 PM,Wayne County: Wyandotte,Not intersection crash,Not hit-and-run,Dark unlighted,"County road, city street, or unknown",Local road or unknown,25,Clear,Suspected minor injury (B),None,Not physically divided (two-way trafficway),Single motor vehicle
2016,July,11,1:00 AM - 2:00 AM,Wayne County: Detroit,Not intersection crash,Hit-and-run,Dark lighted,"County road, city street, or unknown",Local road or unknown,35,Clear,Suspected minor injury (B),None,Not physically divided (two-way trafficway),Other
2016,July,2,5:00 AM - 6:00 AM,Wayne County: Detroit,Intersection crash,Hit-and-run,Daylight,Michigan route,M-1,25,Clear,Suspected serious injury (A),None,Not physically divided (two-way trafficway),Single motor vehicle
2016,May,31,7:00 PM - 8:00 PM,Wayne County: Taylor,Not intersection crash,Hit-and-run,Daylight,"County road, city street, or unknown",Local road or unknown,25,Clear,No injury (O),None,Not physically divided (two-way trafficway),Other
2016,December,24,1:00 AM - 2:00 AM,Wayne County: Detroit,Intersection crash,Hit-and-run,Dark lighted,"County road, city street, or unknown",Local road or unknown,25,Rain,Possible injury (C),Stop sign,Not physically divided (two-way trafficway),Single motor vehicle
2016,September,6,12:00 midnight - 1:00 AM,Wayne County: Canton Twp.,Intersection crash,Not hit-and-run,Dark lighted,Michigan route,M-153,45,Clear,No injury (O),Signal,Not physically divided (two-way trafficway),Single motor vehicle
2016,July,28,11:00 PM - 12:00 midnight,Wayne County: Northville Twp.,Not intersection crash,Not hit-and-run,Dark lighted,"County road, city street, or unknown",Local road or unknown,Uncoded & errors,Clear,Suspected minor injury (B),None,Not physically divided (two-way trafficway),Single motor vehicle
2016,July,30,1:00 PM - 2:00 PM,Wayne County: Detroit,Not intersection crash,Hit-and-run,Daylight,"County road, city street, or unknown",Local road or unknown,25,Rain,Possible injury (C),None,Not physically divided (two-way trafficway),Single motor vehicle
2016,September,30,11:00 PM - 12:00 midnight,Wayne County: Detroit,Intersection crash,Not hit-and-run,Dark lighted,Michigan route,M-97,30,Rain,Possible injury (C),Signal,Not physically divided (two-way trafficway),Single motor vehicle
2016,June,18,12:00 noon - 1:00 PM,Wayne County: Dearborn,Not intersection crash,Hit-and-run,Daylight,"County road, city street, or unknown",Local road or unknown,25,Clear,Suspected minor injury (B),None,Not physically divided (two-way trafficway),Single motor vehicle
2016,September,15,6:00 PM - 7:00 PM,Wayne County: Dearborn,Not intersection crash,Not hit-and-run,Daylight,"County road, city street, or unknown",Local road or unknown,25,Clear,Suspected minor injury (B),None,Not physically divided (two-way trafficway),Single motor vehicle
2016,May,3,3:00 PM - 4:00 PM,Wayne County: Detroit,Not intersection crash,Not hit-and-run,Daylight,Michigan route,M-96\I-96\I-96BS,35,Clear,No injury (O),None,Not physically divided (two-way trafficway),Other
2016,September,19,4:00 PM - 5:00 PM,Wayne County: Detroit,Intersection crash,Hit-and-run,Daylight,"County road, city street, or unknown",Local road or unknown,30,Clear,Possible injury (C),None,Not physically divided (two-way trafficway),Single motor vehicle
2016,March,1,2:00 PM - 3:00 PM,Wayne County: Detroit,Not intersection crash,Hit-and-run,Daylight,"County road, city street, or unknown",Local road or unknown,35,Rain,Suspected minor injury (B),None,Not physically divided (two-way trafficway),Single motor vehicle
2016,December,22,2:00 PM - 3:00 PM,Wayne County: Detroit,Not intersection crash,Hit-and-run,Daylight,"County road, city street, or unknown",Local road or unknown,35,Clear,No injury (O),Signal,"Divided highway, median strip, without traffic barrier",Other
2016,March,24,11:00 AM - 12:00 noon,Wayne County: Detroit,Intersection crash,Hit-and-run,Daylight,"County road, city street, or unknown",Local road or unknown,30,Rain,No injury (O),None,Not physically divided (two-way trafficway),Other
2016,February,13,12:00 noon - 1:00 PM,Wayne County: Detroit,Not intersection crash,Not hit-and-run,Daylight,"County road, city street, or unknown",Local road or unknown,25,Clear,Possible injury (C),None,Not physically divided (two-way trafficway),Single motor vehicle
2016,March,7,6:00 PM - 7:00 PM,Wayne County: Detroit,Not intersection crash,Not hit-and-run,Daylight,"County road, city street, or unknown",Local road or unknown,25,Clear,Possible injury (C),None,Not physically divided (two-way trafficway),Single motor vehicle
2016,October,28,10:00 PM - 11:00 PM,Wayne County: Detroit,Not intersection crash,Hit-and-run,Dark lighted,"County road, city street, or unknown",Local road or unknown,30,Cloudy,Fatal injury (K),None,Not physically divided (two-way trafficway),Sideswipe same direction
2016,July,22,1:00 PM - 2:00 PM,Wayne County: Detroit,Intersection crash,Hit-and-run,Daylight,U.S. route,M-12\US-12\US-12BL\US-12BR,35,Clear,No injury (O),Signal,Not physically divided (two-way trafficway),Single motor vehicle
2016,September,30,5:00 PM - 6:00 PM,Wayne County: Detroit,Not intersection crash,Hit-and-run,Daylight,"County road, city street, or unknown",Local road or unknown,25,Rain,Suspected minor injury (B),None,Not physically divided (two-way trafficway),Unknown
2016,August,24,6:00 PM - 7:00 PM,Wayne County: Detroit,Not intersection crash,Hit-and-run,Daylight,"County road, city street, or unknown",Local road or unknown,35,Cloudy,No injury (O),Signal,"Divided highway, median strip, without traffic barrier",Single motor vehicle
2016,August,14,7:00 PM - 8:00 PM,Wayne County: Detroit,Intersection crash,Hit-and-run,Dark lighted,"County road, city street, or unknown",Local road or unknown,35,Clear,Suspected minor injury (B),None,Not physically divided (two-way trafficway),Other
2016,July,18,4:00 PM - 5:00 PM,Wayne County: Hamtramck,Intersection crash,Not hit-and-run,Daylight,"County road, city street, or unknown",Local road or unknown,25,Clear,Suspected minor injury (B),Stop sign,Not physically divided (two-way trafficway),Other
2016,July,13,9:00 PM - 10:00 PM,Wayne County: Dearborn,Not intersection crash,Not hit-and-run,Dark lighted,U.S. route,M-24\US-24\US-24BR,45,Cloudy,Possible injury (C),None,"Divided highway, median strip, with traffic barrier",Other
2016,June,28,5:00 AM - 6:00 AM,Wayne County: Detroit,Intersection crash,Not hit-and-run,Dawn,"County road, city street, or unknown",Local road or unknown,35,Clear,Suspected minor injury (B),Signal,Not physically divided (two-way trafficway),Single motor vehicle
2016,March,10,4:00 PM - 5:00 PM,Wayne County: Canton Twp.,Not intersection crash,Not hit-and-run,Daylight,"County road, city street, or unknown",Local road or unknown,25,Cloudy,Suspected minor injury (B),None,Not physically divided (two-way trafficway),Other
2016,November,1,7:00 PM - 8:00 PM,Wayne County: Detroit,Not intersection crash,Hit-and-run,Daylight,"County road, city street, or unknown",Local road or unknown,35,Clear,No injury (O),None,"Divided highway, median strip, without traffic barrier",Single motor vehicle
2016,July,23,5:00 PM - 6:00 PM,Wayne County: Hamtramck,Not intersection crash,Not hit-and-run,Daylight,"County road, city street, or unknown",Local road or unknown,25,Clear,Possible injury (C),None,Not physically divided (two-way trafficway),Single motor vehicle
2016,June,24,10:00 PM - 11:00 PM,Wayne County: Taylor,Intersection crash,Not hit-and-run,Dark lighted,"County road, city street, or unknown",Local road or unknown,45,Clear,Fatal injury (K),Signal,Not physically divided (two-way trafficway),Single motor vehicle
2016,January,15,7:00 PM - 8:00 PM,Wayne County: Wyandotte,Intersection crash,Not hit-and-run,Dark lighted,"County road, city street, or unknown",Local road or unknown,25,Rain,Possible injury (C),Signal,Not physically divided (two-way trafficway),Single motor vehicle
2016,July,3,6:00 PM - 7:00 PM,Wayne County: Detroit,Intersection crash,Not hit-and-run,Daylight,"County road, city street, or unknown",Local road or unknown,35,Clear,Suspected serious injury (A),None,"Divided highway, median strip, without traffic barrier",Single motor vehicle
2016,July,6,9:00 AM - 10:00 AM,Wayne County: Dearborn,Intersection crash,Not hit-and-run,Daylight,"County road, city street, or unknown",Local road or unknown,35,Clear,Possible injury (C),Signal,Not physically divided (two-way trafficway),Single motor vehicle
2016,March,3,9:00 AM - 10:00 AM,Wayne County: Canton Twp.,Not intersection crash,Hit-and-run,Daylight,"County road, city street, or unknown",Local road or unknown,25,Clear,Possible injury (C),None,Not physically divided (two-way trafficway),Single motor vehicle
2016,January,6,7:00 PM - 8:00 PM,Wayne County: Westland,Intersection crash,Not hit-and-run,Dark lighted,"County road, city street, or unknown",Local road or unknown,35,Clear,Fatal injury (K),None,Not physically divided (two-way trafficway),Single motor vehicle
2016,November,30,7:00 PM - 8:00 PM,Wayne County: Detroit,Not intersection crash,Not hit-and-run,Dark lighted,Interstate route,M-75\I-75\I-75BL\I-75BS,55,Clear,Fatal injury (K),None,"Divided highway, median strip, with traffic barrier",Single motor vehicle
2016,May,17,11:00 PM - 12:00 midnight,Wayne County: Detroit,Intersection crash,Hit-and-run,Dark lighted,Michigan route,M-102\US-102,40,Clear,Suspected minor injury (B),Signal,"Divided highway, median strip, with traffic barrier",Other